handleId,fieldType,name,description,productImageUrl,collection,sku,ribbon,price,surcharge,visible,discountMode,discountValue,inventory,weight,productOptionName1,productOptionType1,productOptionDescription1,productOptionName2,productOptionType2,productOptionDescription2,productOptionName3,productOptionType3,productOptionDescription3,productOptionName4,productOptionType4,productOptionDescription4,productOptionName5,productOptionType5,productOptionDescription5,productOptionName6,productOptionType6,productOptionDescription6,additionalInfoTitle1,additionalInfoDescription1,additionalInfoTitle2,additionalInfoDescription2,additionalInfoTitle3,additionalInfoDescription3,additionalInfoTitle4,additionalInfoDescription4,additionalInfoTitle5,additionalInfoDescription5,additionalInfoTitle6,additionalInfoDescription6,customTextField1,customTextCharLimit1,customTextMandatory1,customTextField2,customTextCharLimit2,customTextMandatory2,brand
product_7d7bf798-d9d6-41a8-8eee-f7efffc8c63a,Product,Essentials Eco Tote,"Get rid of all the plastic and pack your goodies in this spacious organic cotton tote bag. Fill it up with groceries, books, and travel essentials—there’s room for everything!<br><br>• 100% certified organic cotton 3/1 twill<br>• Fabric weight: 8 oz/yd² (272 g/m²)<br>• Dimensions: 20″ × 14″ × 5″ (50.8 × 35.6 × 12.7 cm)<br>• Capacity: 6 gallons (23 l)<br>• Weight limit: 30 lbs (13.6 kg)<br>• 1″ × 25″ (2.5 × 63.5 cm) long self-fabric dual straps<br>• Open main compartment, flat bottom<br>• Blank product sourced from Vietnam",b77b32_e49812fd274f4ec3b6280d554fd45757~mv2.png;b77b32_3becfee3a19f4f679accdd5c25f423a4~mv2.png;b77b32_e4a135b7c3bc418f90034aee41b7c424~mv2.png;b77b32_bf92ef4adcd04d35a5608f6e7d14093e~mv2.png;b77b32_30f61be7b5aa40f7b7b5e5ccff2706b9~mv2.png;b77b32_e2dc0491a1ee4980a5fd80d151f678ec~mv2.png;b77b32_8ad0a9106412483bb18d28945398297d~mv2.png;b77b32_8a889a825a6c4c6aa4594ed6f2300468~mv2.png,Essentials Collection,,,32.0,,true,PERCENT,0.0,InStock,0.0,Color,DROP_DOWN,Black;Oyster,,,,,,,,,,,,,,,,,,,,,,,,,,,,,,,,,,
product_7d7bf798-d9d6-41a8-8eee-f7efffc8c63a,Variant,,,,,61134DE5C2757_10732,,,0.0,true,,,InStock,,,,Black,,,,,,,,,,,,,,,,,,,,,,,,,,,,,,,,,,
product_7d7bf798-d9d6-41a8-8eee-f7efffc8c63a,Variant,,,,,61134DE5C2757_10733,,,0.0,true,,,InStock,,,,Oyster,,,,,,,,,,,,,,,,,,,,,,,,,,,,,,,,,,
product_757ae0ae-6505-46ea-97b1-7782c49d2e27,Product,Essentials Minimalist Backpack,"If you feel like you're carrying half of your belongings with you at all times, this backpack is for you! It has a spacious inside compartment (with a pocket for your laptop), and a hidden back pocket for safekeeping your most valuable items.<br><br>• Made from 100% polyester<br>• Fabric weight: 9.91 oz/yd² (336 g/m²)<br>• Dimensions: 16.1″ (41 cm) in height, 12.2″ (31 cm) in width, and 5.5″ (14 cm) in diameter<br>• Capacity: 5.3 gallons (20 l)<br>• Max weight: 44 lbs (20 kg)<br>• Water-resistant material<br>• Large inside pocket with a separate pocket for a 15” laptop, a hidden pocket with zipper on the back of the bag<br>• Top zipper has 2 sliders, and there are zipper pullers attached to each slider<br>• Silky lining, piped inside hems, and a soft mesh back<br>• Padded ergonomic bag straps from polyester with plastic strap regulators",b77b32_1ed71d4c2e814a0f82fc209fbece8596~mv2.png,Essentials Collection,611348AD743B3_10876,,51.0,,true,PERCENT,0.0,InStock,0.0,,,,,,,,,,,,,,,,,,,,,,,,,,,,,,,,,,,,,
product_55912040-f6c1-4b64-8815-ab83e0749c8a,Product,Essentials Samsung Case,"This sleek Samsung case protects your phone from scratches, dust, oil, and dirt. It has a solid back and flexible sides that make it easy to take on and off, with precisely aligned cuts and holes. <br><br>• BPA free Hybrid Thermoplastic Polyurethane (TPU) and Polycarbonate (PC) material<br>• Solid polycarbonate back<br>• 0.02″ (0.5 mm) raised bezel<br>• See-through sides<br>• Wireless charging compatible<br>• Easy to take on and off",b77b32_c5faa3e36d18404fa8a4d53c666bc9f3~mv2.jpg;b77b32_5d0f5950c10d423c81b14499b323134b~mv2.jpg;b77b32_bfdd93b8475946ac967a56f342dc3e97~mv2.jpg;b77b32_ebeb8e32d54647fbafe940996bb81706~mv2.jpg;b77b32_a052fd0bbe6c49f79e4bc98c7ff8bfbd~mv2.jpg;b77b32_f62e3b8a3b854b56aec50ed83512cf85~mv2.jpg;b77b32_886fd37fbfff4f349708856c15feb670~mv2.jpg;b77b32_5e8c0da54be34832a715c7dd8f6b0ef6~mv2.jpg;b77b32_02a925b293144b468686d4c3b249a530~mv2.jpg;b77b32_ffc61de3a60b4d9eb389204ff1531049~mv2.jpg;b77b32_95a72116843640f19c164176d517b91b~mv2.jpg;b77b32_dd9decc6830a48378679da7d72291eef~mv2.jpg;b77b32_5991de5de8ea43ea9437b8ad47e87753~mv2.jpg;b77b32_95981618ba2647c1b47f98da97bd227a~mv2.jpg;b77b32_bd09b22517354d2b82aa69780d46bb49~mv2.jpg;b77b32_66bbee9a8d97407488aed50816f4b205~mv2.jpg;b77b32_a7e86673cdf04957a150eb5af7da2a39~mv2.jpg;b77b32_52d4367b7607434598d27c9cea5e7d40~mv2.jpg;b77b32_fd821b5ff69749e6b38eb6d933f1f9bf~mv2.jpg;b77b32_b55dca15003348e4a00c9e77135745e3~mv2.jpg;b77b32_b346c9d0feb14d82821b73b8d6421e59~mv2.jpg;b77b32_c1835622ae9a4eeea2a385465691aa9f~mv2.jpg;b77b32_60d5457cbc09413eb71544feb061a21a~mv2.jpg;b77b32_62b1849c961540efb6223115735d24da~mv2.jpg;b77b32_afbb762a2c714e8ab05b7ba048172a30~mv2.jpg;b77b32_81bad45eb474454a85cf837040d53c5b~mv2.jpg;b77b32_17d9452d1f5d442085ffb313a1716af8~mv2.jpg;b77b32_a54d41ab54264367925340337d13207a~mv2.jpg;b77b32_8718138afbe74aa29cacee0d55c5ae24~mv2.jpg;b77b32_1e6f2534c26349ef96f044c927e1c75b~mv2.jpg,Essentials Collection,,,16.5,,true,PERCENT,0.0,InStock,0.0,Size,DROP_DOWN,Samsung Galaxy S10;Samsung Galaxy S10+;Samsung Galaxy S10e;Samsung Galaxy S20;Samsung Galaxy S20 FE;Samsung Galaxy S20 Plus;Samsung Galaxy S20 Ultra;Samsung Galaxy S21;Samsung Galaxy S21 Plus;Samsung Galaxy S21 Ultra,,,,,,,,,,,,,,,,,,,,,,,,,,,,,,,,,,
product_55912040-f6c1-4b64-8815-ab83e0749c8a,Variant,,,,,611347DDA96A4_12025,,,0.0,true,,,InStock,,,,Samsung Galaxy S21,,,,,,,,,,,,,,,,,,,,,,,,,,,,,,,,,,
product_55912040-f6c1-4b64-8815-ab83e0749c8a,Variant,,,,,611347DDA96A4_11347,,,0.0,true,,,InStock,,,,Samsung Galaxy S20,,,,,,,,,,,,,,,,,,,,,,,,,,,,,,,,,,
product_55912040-f6c1-4b64-8815-ab83e0749c8a,Variant,,,,,611347DDA96A4_12027,,,0.0,true,,,InStock,,,,Samsung Galaxy S21 Plus,,,,,,,,,,,,,,,,,,,,,,,,,,,,,,,,,,
product_55912040-f6c1-4b64-8815-ab83e0749c8a,Variant,,,,,611347DDA96A4_12024,,,0.0,true,,,InStock,,,,Samsung Galaxy S20 FE,,,,,,,,,,,,,,,,,,,,,,,,,,,,,,,,,,
product_55912040-f6c1-4b64-8815-ab83e0749c8a,Variant,,,,,611347DDA96A4_12026,,,0.0,true,,,InStock,,,,Samsung Galaxy S21 Ultra,,,,,,,,,,,,,,,,,,,,,,,,,,,,,,,,,,
product_55912040-f6c1-4b64-8815-ab83e0749c8a,Variant,,,,,611347DDA96A4_11348,,,0.0,true,,,InStock,,,,Samsung Galaxy S20 Plus,,,,,,,,,,,,,,,,,,,,,,,,,,,,,,,,,,
product_55912040-f6c1-4b64-8815-ab83e0749c8a,Variant,,,,,611347DDA96A4_9945,,,0.0,true,,,InStock,,,,Samsung Galaxy S10,,,,,,,,,,,,,,,,,,,,,,,,,,,,,,,,,,
product_55912040-f6c1-4b64-8815-ab83e0749c8a,Variant,,,,,611347DDA96A4_9947,,,0.0,true,,,InStock,,,,Samsung Galaxy S10+,,,,,,,,,,,,,,,,,,,,,,,,,,,,,,,,,,
product_55912040-f6c1-4b64-8815-ab83e0749c8a,Variant,,,,,611347DDA96A4_11349,,,0.0,true,,,InStock,,,,Samsung Galaxy S20 Ultra,,,,,,,,,,,,,,,,,,,,,,,,,,,,,,,,,,
product_55912040-f6c1-4b64-8815-ab83e0749c8a,Variant,,,,,611347DDA96A4_9946,,,0.0,true,,,InStock,,,,Samsung Galaxy S10e,,,,,,,,,,,,,,,,,,,,,,,,,,,,,,,,,,
product_16b13421-104b-41f5-b69e-af2e105744cf,Product,Essentials iPhone Case,"This sleek iPhone case protects your phone from scratches, dust, oil, and dirt. It has a solid back and flexible sides that make it easy to take on and off, with precisely aligned port openings. <br><br>• BPA free Hybrid Thermoplastic Polyurethane (TPU) and Polycarbonate (PC) material<br>• Solid polycarbonate back<br>• Flexible, see-through polyurethane sides<br>• .5 mm raised bezel<br>• Precisely aligned port openings<br>• Easy to take on and off<br>• Wireless charging compatible<br>• The SE case fits the 2020 iPhone SE model<br>• Blank product sourced from China",b77b32_97d2b9ce43d5449ea90cc1a0c769edeb~mv2.png;b77b32_7504e72dcb3144dc8434b0dfa410615a~mv2.png;b77b32_4b8c8a63d5ae4b64b8d14995785630a0~mv2.png;b77b32_931f107734a84f47b731d674dc48991f~mv2.png;b77b32_444f06f86e92403492c48ed65b4efc9b~mv2.png;b77b32_3a72d0a68abf4fd3827573e7da288b92~mv2.png;b77b32_d48f540dce964cd59d3e9a95094a13d8~mv2.png;b77b32_67ed6d9b15504d4b9900e6de903f3e68~mv2.png;b77b32_13c7d486a44e4eef808796297687442b~mv2.png;b77b32_637ac1596d354de5abc6fdd63212c45d~mv2.png;b77b32_e51df40f0ceb4a39b5c31e2dee2a903d~mv2.png;b77b32_6245ee1255a649a4a86ec1df719c9089~mv2.png;b77b32_11a2b2fdec4e4b92acbe947b2b600ed6~mv2.png;b77b32_fff6e1aecf4b46fc8caf0e6caaf823b4~mv2.png;b77b32_ad5c51ac0ef44d02a1fb8cf5dc169706~mv2.png;b77b32_e45f466a8c7844ce8b26c7ef2160f2a7~mv2.png;b77b32_5e5798f385a84a3eb4d22ffb1e7e43a7~mv2.png;b77b32_e778af409fb44ad6861162e9aa9400c8~mv2.png;b77b32_04c7f3fe5c8348468a9a944ee4bfbff0~mv2.png;b77b32_68c74f0df71941bab43d53e7b7bdd0ac~mv2.png;b77b32_12860299b7bb4cbca07326e4da2ae083~mv2.png;b77b32_1a9de333ab11495d84999b1438e5356f~mv2.png;b77b32_d172f91c84f34a899d92e91dc9224c31~mv2.png;b77b32_3d8d0dbe9e0f46318a53f6692e17d3f5~mv2.png;b77b32_d4f24e7f83b14255896f2296c2256cf1~mv2.png;b77b32_d52d89c292694704b531d598175c2518~mv2.png;b77b32_b10634da841d4e179e1e1cb0da66ec85~mv2.png;b77b32_10036d11d3454083898db6d0f346455a~mv2.png;b77b32_8563a2c419864dc3a758a29616f0aa71~mv2.png;b77b32_40d66eea7df34626ac643a3c7f8e5fe0~mv2.png;b77b32_07c15c95d9344ad3802265516ee8cd56~mv2.png;b77b32_8442a4ec0e96414c80317a2399a6a0f4~mv2.png;b77b32_e64d392150814b899aa5e5e35db51266~mv2.png;b77b32_3852e43569284b94a40e656a3ef17c48~mv2.png;b77b32_a028520c84074f0f848aaf6b9c6195d9~mv2.png;b77b32_e8f3fab2938644d881a6d6f8196ca4e4~mv2.png;b77b32_65a312a1d48d495ebb81ec6c1d6ac643~mv2.png;b77b32_18c13854c0ef4de9a89af65ae7a5f8b1~mv2.png;b77b32_70dbde9bf2f54b288703bb43bc32f11f~mv2.png,Essentials Collection,,,16.5,,true,PERCENT,0.0,InStock,0.0,Size,DROP_DOWN,iPhone 11;iPhone 11 Pro;iPhone 11 Pro Max;iPhone 12;iPhone 12 mini;iPhone 12 Pro;iPhone 12 Pro Max;iPhone 7 Plus/8 Plus;iPhone 7/8;iPhone SE;iPhone X/XS;iPhone XR;iPhone XS Max,,,,,,,,,,,,,,,,,,,,,,,,,,,,,,,,,,
product_16b13421-104b-41f5-b69e-af2e105744cf,Variant,,,,,611346D94295B_9621,,,0.0,true,,,InStock,,,,iPhone XR,,,,,,,,,,,,,,,,,,,,,,,,,,,,,,,,,,
product_16b13421-104b-41f5-b69e-af2e105744cf,Variant,,,,,611346D94295B_7911,,,0.0,true,,,InStock,,,,iPhone 7 Plus/8 Plus,,,,,,,,,,,,,,,,,,,,,,,,,,,,,,,,,,
product_16b13421-104b-41f5-b69e-af2e105744cf,Variant,,,,,611346D94295B_11704,,,0.0,true,,,InStock,,,,iPhone 12,,,,,,,,,,,,,,,,,,,,,,,,,,,,,,,,,,
product_16b13421-104b-41f5-b69e-af2e105744cf,Variant,,,,,611346D94295B_8933,,,0.0,true,,,InStock,,,,iPhone X/XS,,,,,,,,,,,,,,,,,,,,,,,,,,,,,,,,,,
product_16b13421-104b-41f5-b69e-af2e105744cf,Variant,,,,,611346D94295B_7910,,,0.0,true,,,InStock,,,,iPhone 7/8,,,,,,,,,,,,,,,,,,,,,,,,,,,,,,,,,,
product_16b13421-104b-41f5-b69e-af2e105744cf,Variant,,,,,611346D94295B_9620,,,0.0,true,,,InStock,,,,iPhone XS Max,,,,,,,,,,,,,,,,,,,,,,,,,,,,,,,,,,
product_16b13421-104b-41f5-b69e-af2e105744cf,Variant,,,,,611346D94295B_11703,,,0.0,true,,,InStock,,,,iPhone 12 mini,,,,,,,,,,,,,,,,,,,,,,,,,,,,,,,,,,
product_16b13421-104b-41f5-b69e-af2e105744cf,Variant,,,,,611346D94295B_11452,,,0.0,true,,,InStock,,,,iPhone SE,,,,,,,,,,,,,,,,,,,,,,,,,,,,,,,,,,
product_16b13421-104b-41f5-b69e-af2e105744cf,Variant,,,,,611346D94295B_11808,,,0.0,true,,,InStock,,,,iPhone 12 Pro,,,,,,,,,,,,,,,,,,,,,,,,,,,,,,,,,,
product_16b13421-104b-41f5-b69e-af2e105744cf,Variant,,,,,611346D94295B_10994,,,0.0,true,,,InStock,,,,iPhone 11,,,,,,,,,,,,,,,,,,,,,,,,,,,,,,,,,,
product_16b13421-104b-41f5-b69e-af2e105744cf,Variant,,,,,611346D94295B_10995,,,0.0,true,,,InStock,,,,iPhone 11 Pro,,,,,,,,,,,,,,,,,,,,,,,,,,,,,,,,,,
product_16b13421-104b-41f5-b69e-af2e105744cf,Variant,,,,,611346D94295B_11705,,,0.0,true,,,InStock,,,,iPhone 12 Pro Max,,,,,,,,,,,,,,,,,,,,,,,,,,,,,,,,,,
product_16b13421-104b-41f5-b69e-af2e105744cf,Variant,,,,,611346D94295B_10996,,,0.0,true,,,InStock,,,,iPhone 11 Pro Max,,,,,,,,,,,,,,,,,,,,,,,,,,,,,,,,,,
product_14988d78-72c7-465b-bfbb-e745a4fd121c,Product,The Essential Beanie,"A snug, form-fitting beanie. It's not only a great head-warming piece but a staple accessory in anyone's wardrobe.<br><br>• 100% Turbo Acrylic<br>• 12″ (30 cm) in length<br>• Hypoallergenic&nbsp;<br>• Unisex style<br>• Hand washable<br>• Blank product sourced from Vietnam or Bangladesh",b77b32_87ef1a06a1d74df398d5a835563b287b~mv2.png;b77b32_33a1b826bbed47b583264405b91bd1de~mv2.png;b77b32_6ac23bf32726496599859be5b51dd05e~mv2.png;b77b32_51243b8ba4b54e06a7b6c6ddaf5e8e4b~mv2.png;b77b32_a228a71fa30c4b88b1c8ec336f2db72e~mv2.png;b77b32_193d8dc282c34282bfc6dfbac0285662~mv2.png;b77b32_ff41c63387ab4bff9b2e0f0c6bb1b0ba~mv2.png;b77b32_f3d9da6eec5e4315a8fcb4dc9d6c2745~mv2.png;b77b32_b825de76d86b4e278ef472fb8f399d28~mv2.png;b77b32_93443624313d40edb276af09273cc684~mv2.png;b77b32_61fea250f4dd4aed83cb8b04595fe771~mv2.png,Essentials Collection,,,22.5,,true,PERCENT,0.0,InStock,0.0,Color,DROP_DOWN,Black;Navy;Spruce;Red;Heather Grey;White,,,,,,,,,,,,,,,,,,,,,,,,,,,,,,,,,,
product_14988d78-72c7-465b-bfbb-e745a4fd121c,Variant,,,,,6113454AC3ABE_8939,,,0.0,true,,,InStock,,,,Red,,,,,,,,,,,,,,,,,,,,,,,,,,,,,,,,,,
product_14988d78-72c7-465b-bfbb-e745a4fd121c,Variant,,,,,6113454AC3ABE_8937,,,0.0,true,,,InStock,,,,Heather Grey,,,,,,,,,,,,,,,,,,,,,,,,,,,,,,,,,,
product_14988d78-72c7-465b-bfbb-e745a4fd121c,Variant,,,,,6113454AC3ABE_8938,,,0.0,true,,,InStock,,,,White,,,,,,,,,,,,,,,,,,,,,,,,,,,,,,,,,,
product_14988d78-72c7-465b-bfbb-e745a4fd121c,Variant,,,,,6113454AC3ABE_8936,,,0.0,true,,,InStock,,,,Black,,,,,,,,,,,,,,,,,,,,,,,,,,,,,,,,,,
product_14988d78-72c7-465b-bfbb-e745a4fd121c,Variant,,,,,6113454AC3ABE_8940,,,0.0,true,,,InStock,,,,Navy,,,,,,,,,,,,,,,,,,,,,,,,,,,,,,,,,,
product_14988d78-72c7-465b-bfbb-e745a4fd121c,Variant,,,,,6113454AC3ABE_8941,,,0.0,true,,,InStock,,,,Spruce,,,,,,,,,,,,,,,,,,,,,,,,,,,,,,,,,,
product_581f36fc-3f18-49f1-9dc1-a7e25bbb88b5,Product,Essential Joggers,"Get ready for that 10K run or take it slow in your backyard—these joggers are sure to make you feel comfortable either way.<br><br>• 60% cotton, 40% polyester pre-shrunk fleece<br>• Fabric weight: 7.2 oz/yd² (244 g/m²)<br>• Tapered fit<br>• Lower rise on the front, longer rise on the backside<br>• 1×1 rib cuffs with spandex for stretch and recovery<br>• Elastic waistband with external drawcord<br>• Contrast color drawcord and side pockets (all body colors include charcoal gray contrast detailing except black heather, which has black)<br>• Pilling-resistant<br>• Blank product sourced from El Salvador or Honduras",b77b32_73a02a2011eb40b88beefd881788db07~mv2.png;b77b32_31a6e58341da47a39ebb36cde3f3fafe~mv2.png;b77b32_bbcacacd7a8d42c4a449677682561d46~mv2.png;b77b32_cdfbcef70ed743f3894f9d4e4726e09c~mv2.png;b77b32_e88a54c094b64b4ca9d801c75bfc3912~mv2.png;b77b32_ca8525f7e62b425481e7746ee5e3138a~mv2.png;b77b32_de9d1cec63904888966417fcd64a72ac~mv2.png;b77b32_7a2feb8eea224474969e290181566c81~mv2.png;b77b32_8888053b4c5e4b97931828d72911935c~mv2.png;b77b32_fb7335b85d8948369313f49648ed2324~mv2.png,,,,25.0,,true,PERCENT,0.0,InStock,0.0,Color,DROP_DOWN,J. Navy;Black;Black Heather;Athletic Heather,Size,DROP_DOWN,S;M;L;XL;2XL,,,,,,,,,,,,,,,,,,,,,,,,,,,,,,,
product_581f36fc-3f18-49f1-9dc1-a7e25bbb88b5,Variant,,,,,6113445D10D40_9913,,,1.5,true,,,InStock,,,,Athletic Heather,,,2XL,,,,,,,,,,,,,,,,,,,,,,,,,,,,,,,
product_581f36fc-3f18-49f1-9dc1-a7e25bbb88b5,Variant,,,,,6113445D10D40_9923,,,0.0,true,,,InStock,,,,J. Navy,,,L,,,,,,,,,,,,,,,,,,,,,,,,,,,,,,,
product_581f36fc-3f18-49f1-9dc1-a7e25bbb88b5,Variant,,,,,6113445D10D40_9915,,,0.0,true,,,InStock,,,,Black Heather,,,S,,,,,,,,,,,,,,,,,,,,,,,,,,,,,,,
product_581f36fc-3f18-49f1-9dc1-a7e25bbb88b5,Variant,,,,,6113445D10D40_9910,,,0.0,true,,,InStock,,,,Athletic Heather,,,M,,,,,,,,,,,,,,,,,,,,,,,,,,,,,,,
product_581f36fc-3f18-49f1-9dc1-a7e25bbb88b5,Variant,,,,,6113445D10D40_9927,,,0.0,true,,,InStock,,,,Black,,,S,,,,,,,,,,,,,,,,,,,,,,,,,,,,,,,
product_581f36fc-3f18-49f1-9dc1-a7e25bbb88b5,Variant,,,,,6113445D10D40_9930,,,0.0,true,,,InStock,,,,Black,,,XL,,,,,,,,,,,,,,,,,,,,,,,,,,,,,,,
product_581f36fc-3f18-49f1-9dc1-a7e25bbb88b5,Variant,,,,,6113445D10D40_9919,,,1.5,true,,,InStock,,,,Black Heather,,,2XL,,,,,,,,,,,,,,,,,,,,,,,,,,,,,,,
product_581f36fc-3f18-49f1-9dc1-a7e25bbb88b5,Variant,,,,,6113445D10D40_9911,,,0.0,true,,,InStock,,,,Athletic Heather,,,L,,,,,,,,,,,,,,,,,,,,,,,,,,,,,,,
product_581f36fc-3f18-49f1-9dc1-a7e25bbb88b5,Variant,,,,,6113445D10D40_9928,,,0.0,true,,,InStock,,,,Black,,,M,,,,,,,,,,,,,,,,,,,,,,,,,,,,,,,
product_581f36fc-3f18-49f1-9dc1-a7e25bbb88b5,Variant,,,,,6113445D10D40_9931,,,1.5,true,,,InStock,,,,Black,,,2XL,,,,,,,,,,,,,,,,,,,,,,,,,,,,,,,
product_581f36fc-3f18-49f1-9dc1-a7e25bbb88b5,Variant,,,,,6113445D10D40_9916,,,0.0,true,,,InStock,,,,Black Heather,,,M,,,,,,,,,,,,,,,,,,,,,,,,,,,,,,,
product_581f36fc-3f18-49f1-9dc1-a7e25bbb88b5,Variant,,,,,6113445D10D40_9924,,,0.0,true,,,InStock,,,,J. Navy,,,XL,,,,,,,,,,,,,,,,,,,,,,,,,,,,,,,
product_581f36fc-3f18-49f1-9dc1-a7e25bbb88b5,Variant,,,,,6113445D10D40_9912,,,0.0,true,,,InStock,,,,Athletic Heather,,,XL,,,,,,,,,,,,,,,,,,,,,,,,,,,,,,,
product_581f36fc-3f18-49f1-9dc1-a7e25bbb88b5,Variant,,,,,6113445D10D40_9921,,,0.0,true,,,InStock,,,,J. Navy,,,S,,,,,,,,,,,,,,,,,,,,,,,,,,,,,,,
product_581f36fc-3f18-49f1-9dc1-a7e25bbb88b5,Variant,,,,,6113445D10D40_9925,,,1.5,true,,,InStock,,,,J. Navy,,,2XL,,,,,,,,,,,,,,,,,,,,,,,,,,,,,,,
product_581f36fc-3f18-49f1-9dc1-a7e25bbb88b5,Variant,,,,,6113445D10D40_9917,,,0.0,true,,,InStock,,,,Black Heather,,,L,,,,,,,,,,,,,,,,,,,,,,,,,,,,,,,
product_581f36fc-3f18-49f1-9dc1-a7e25bbb88b5,Variant,,,,,6113445D10D40_9909,,,0.0,true,,,InStock,,,,Athletic Heather,,,S,,,,,,,,,,,,,,,,,,,,,,,,,,,,,,,
product_581f36fc-3f18-49f1-9dc1-a7e25bbb88b5,Variant,,,,,6113445D10D40_9922,,,0.0,true,,,InStock,,,,J. Navy,,,M,,,,,,,,,,,,,,,,,,,,,,,,,,,,,,,
product_581f36fc-3f18-49f1-9dc1-a7e25bbb88b5,Variant,,,,,6113445D10D40_9918,,,0.0,true,,,InStock,,,,Black Heather,,,XL,,,,,,,,,,,,,,,,,,,,,,,,,,,,,,,
product_581f36fc-3f18-49f1-9dc1-a7e25bbb88b5,Variant,,,,,6113445D10D40_9929,,,0.0,true,,,InStock,,,,Black,,,L,,,,,,,,,,,,,,,,,,,,,,,,,,,,,,,
product_7732b505-d239-4b76-951e-361ccece60ea,Product,Essentials Embroidered Champion Packable Jacket,"Protect yourself from the elements with this Champion packable jacket. This wind and rain resistant polyester jacket with a detailed embroidery design has a practical hood, front kangaroo pocket, and zipped pouch pocket which you can pull out and use to scrunch the jacket into for convenient storage.<br><br>• 100% polyester micro poplin<br>• Wind and rain resistant<br>• Half zip pullover with a hood<br>• Front kangaroo pocket<br>• Hidden zipped pouch pocket<br>• Packable in the zipped pouch pocket<br>• Adjustable bungee draw cord at hood and bottom hem<br>• Elastic cuffs<br>• Embroidered “C” logo on the left sleeve",b77b32_b20743225c3440fcacf8fe769309ba12~mv2.png;b77b32_1b9ea6e3b15746eea57e6f694742381a~mv2.png;b77b32_dca1c9bc4131465a9e7ea2ed55cad62f~mv2.png;b77b32_52d7530af684451e838a255693dbbc94~mv2.png;b77b32_7cde8c43a55e42e5be0b5d111a00b1fc~mv2.png;b77b32_2932050de6d243778700e27559a4616d~mv2.png;b77b32_2ce6bbc781d84eaa970f9dfacd0f1218~mv2.png;b77b32_3945d4578c124aeb97ed94839b75276d~mv2.png;b77b32_37dc4b6f378f4110968d60d9f0b797e2~mv2.png;b77b32_66ca0590be4d422abe5f7ad5070f52b4~mv2.png;b77b32_f5030df9ffe448c784df80dc54627bf0~mv2.png,Essentials Collection,,,51.0,,true,PERCENT,0.0,InStock,0.0,Color,DROP_DOWN,Black;Navy;Scarlet;Royal Blue;Graphite;Light Blue;Gold;Pink Candy,Size,DROP_DOWN,S;M;L;XL;2XL,,,,,,,,,,,,,,,,,,,,,,,,,,,,,,,
product_7732b505-d239-4b76-951e-361ccece60ea,Variant,,,,,6113425F34C47_11744,,,0.0,true,,,InStock,,,,Royal Blue,,,S,,,,,,,,,,,,,,,,,,,,,,,,,,,,,,,
product_7732b505-d239-4b76-951e-361ccece60ea,Variant,,,,,6113425F34C47_12050,,,0.0,true,,,InStock,,,,Light Blue,,,M,,,,,,,,,,,,,,,,,,,,,,,,,,,,,,,
product_7732b505-d239-4b76-951e-361ccece60ea,Variant,,,,,6113425F34C47_11030,,,3.0,true,,,InStock,,,,Gold,,,2XL,,,,,,,,,,,,,,,,,,,,,,,,,,,,,,,
product_7732b505-d239-4b76-951e-361ccece60ea,Variant,,,,,6113425F34C47_11023,,,0.0,true,,,InStock,,,,Graphite,,,XL,,,,,,,,,,,,,,,,,,,,,,,,,,,,,,,
product_7732b505-d239-4b76-951e-361ccece60ea,Variant,,,,,6113425F34C47_11748,,,3.0,true,,,InStock,,,,Royal Blue,,,2XL,,,,,,,,,,,,,,,,,,,,,,,,,,,,,,,
product_7732b505-d239-4b76-951e-361ccece60ea,Variant,,,,,6113425F34C47_11026,,,0.0,true,,,InStock,,,,Gold,,,S,,,,,,,,,,,,,,,,,,,,,,,,,,,,,,,
product_7732b505-d239-4b76-951e-361ccece60ea,Variant,,,,,6113425F34C47_11739,,,0.0,true,,,InStock,,,,Scarlet,,,M,,,,,,,,,,,,,,,,,,,,,,,,,,,,,,,
product_7732b505-d239-4b76-951e-361ccece60ea,Variant,,,,,6113425F34C47_11027,,,0.0,true,,,InStock,,,,Gold,,,M,,,,,,,,,,,,,,,,,,,,,,,,,,,,,,,
product_7732b505-d239-4b76-951e-361ccece60ea,Variant,,,,,6113425F34C47_11024,,,3.0,true,,,InStock,,,,Graphite,,,2XL,,,,,,,,,,,,,,,,,,,,,,,,,,,,,,,
product_7732b505-d239-4b76-951e-361ccece60ea,Variant,,,,,6113425F34C47_12056,,,0.0,true,,,InStock,,,,Pink Candy,,,L,,,,,,,,,,,,,,,,,,,,,,,,,,,,,,,
product_7732b505-d239-4b76-951e-361ccece60ea,Variant,,,,,6113425F34C47_11738,,,0.0,true,,,InStock,,,,Scarlet,,,S,,,,,,,,,,,,,,,,,,,,,,,,,,,,,,,
product_7732b505-d239-4b76-951e-361ccece60ea,Variant,,,,,6113425F34C47_11742,,,3.0,true,,,InStock,,,,Scarlet,,,2XL,,,,,,,,,,,,,,,,,,,,,,,,,,,,,,,
product_7732b505-d239-4b76-951e-361ccece60ea,Variant,,,,,6113425F34C47_11011,,,0.0,true,,,InStock,,,,Black,,,XL,,,,,,,,,,,,,,,,,,,,,,,,,,,,,,,
product_7732b505-d239-4b76-951e-361ccece60ea,Variant,,,,,6113425F34C47_11745,,,0.0,true,,,InStock,,,,Royal Blue,,,M,,,,,,,,,,,,,,,,,,,,,,,,,,,,,,,
product_7732b505-d239-4b76-951e-361ccece60ea,Variant,,,,,6113425F34C47_12049,,,0.0,true,,,InStock,,,,Light Blue,,,S,,,,,,,,,,,,,,,,,,,,,,,,,,,,,,,
product_7732b505-d239-4b76-951e-361ccece60ea,Variant,,,,,6113425F34C47_12051,,,0.0,true,,,InStock,,,,Light Blue,,,L,,,,,,,,,,,,,,,,,,,,,,,,,,,,,,,
product_7732b505-d239-4b76-951e-361ccece60ea,Variant,,,,,6113425F34C47_11028,,,0.0,true,,,InStock,,,,Gold,,,L,,,,,,,,,,,,,,,,,,,,,,,,,,,,,,,
product_7732b505-d239-4b76-951e-361ccece60ea,Variant,,,,,6113425F34C47_11012,,,3.0,true,,,InStock,,,,Black,,,2XL,,,,,,,,,,,,,,,,,,,,,,,,,,,,,,,
product_7732b505-d239-4b76-951e-361ccece60ea,Variant,,,,,6113425F34C47_11014,,,0.0,true,,,InStock,,,,Navy,,,S,,,,,,,,,,,,,,,,,,,,,,,,,,,,,,,
product_7732b505-d239-4b76-951e-361ccece60ea,Variant,,,,,6113425F34C47_12055,,,0.0,true,,,InStock,,,,Pink Candy,,,M,,,,,,,,,,,,,,,,,,,,,,,,,,,,,,,
product_7732b505-d239-4b76-951e-361ccece60ea,Variant,,,,,6113425F34C47_11020,,,0.0,true,,,InStock,,,,Graphite,,,S,,,,,,,,,,,,,,,,,,,,,,,,,,,,,,,
product_7732b505-d239-4b76-951e-361ccece60ea,Variant,,,,,6113425F34C47_12054,,,0.0,true,,,InStock,,,,Pink Candy,,,S,,,,,,,,,,,,,,,,,,,,,,,,,,,,,,,
product_7732b505-d239-4b76-951e-361ccece60ea,Variant,,,,,6113425F34C47_11015,,,0.0,true,,,InStock,,,,Navy,,,M,,,,,,,,,,,,,,,,,,,,,,,,,,,,,,,
product_7732b505-d239-4b76-951e-361ccece60ea,Variant,,,,,6113425F34C47_11021,,,0.0,true,,,InStock,,,,Graphite,,,M,,,,,,,,,,,,,,,,,,,,,,,,,,,,,,,
product_7732b505-d239-4b76-951e-361ccece60ea,Variant,,,,,6113425F34C47_11009,,,0.0,true,,,InStock,,,,Black,,,M,,,,,,,,,,,,,,,,,,,,,,,,,,,,,,,
product_7732b505-d239-4b76-951e-361ccece60ea,Variant,,,,,6113425F34C47_11017,,,0.0,true,,,InStock,,,,Navy,,,XL,,,,,,,,,,,,,,,,,,,,,,,,,,,,,,,
product_7732b505-d239-4b76-951e-361ccece60ea,Variant,,,,,6113425F34C47_12052,,,0.0,true,,,InStock,,,,Light Blue,,,XL,,,,,,,,,,,,,,,,,,,,,,,,,,,,,,,
product_7732b505-d239-4b76-951e-361ccece60ea,Variant,,,,,6113425F34C47_11740,,,0.0,true,,,InStock,,,,Scarlet,,,L,,,,,,,,,,,,,,,,,,,,,,,,,,,,,,,
product_7732b505-d239-4b76-951e-361ccece60ea,Variant,,,,,6113425F34C47_11008,,,0.0,true,,,InStock,,,,Black,,,S,,,,,,,,,,,,,,,,,,,,,,,,,,,,,,,
product_7732b505-d239-4b76-951e-361ccece60ea,Variant,,,,,6113425F34C47_12058,,,3.0,true,,,InStock,,,,Pink Candy,,,2XL,,,,,,,,,,,,,,,,,,,,,,,,,,,,,,,
product_7732b505-d239-4b76-951e-361ccece60ea,Variant,,,,,6113425F34C47_11016,,,0.0,true,,,InStock,,,,Navy,,,L,,,,,,,,,,,,,,,,,,,,,,,,,,,,,,,
product_7732b505-d239-4b76-951e-361ccece60ea,Variant,,,,,6113425F34C47_12053,,,3.0,true,,,InStock,,,,Light Blue,,,2XL,,,,,,,,,,,,,,,,,,,,,,,,,,,,,,,
product_7732b505-d239-4b76-951e-361ccece60ea,Variant,,,,,6113425F34C47_11747,,,0.0,true,,,InStock,,,,Royal Blue,,,XL,,,,,,,,,,,,,,,,,,,,,,,,,,,,,,,
product_7732b505-d239-4b76-951e-361ccece60ea,Variant,,,,,6113425F34C47_11029,,,0.0,true,,,InStock,,,,Gold,,,XL,,,,,,,,,,,,,,,,,,,,,,,,,,,,,,,
product_7732b505-d239-4b76-951e-361ccece60ea,Variant,,,,,6113425F34C47_11018,,,3.0,true,,,InStock,,,,Navy,,,2XL,,,,,,,,,,,,,,,,,,,,,,,,,,,,,,,
product_7732b505-d239-4b76-951e-361ccece60ea,Variant,,,,,6113425F34C47_11022,,,0.0,true,,,InStock,,,,Graphite,,,L,,,,,,,,,,,,,,,,,,,,,,,,,,,,,,,
product_7732b505-d239-4b76-951e-361ccece60ea,Variant,,,,,6113425F34C47_11741,,,0.0,true,,,InStock,,,,Scarlet,,,XL,,,,,,,,,,,,,,,,,,,,,,,,,,,,,,,
product_7732b505-d239-4b76-951e-361ccece60ea,Variant,,,,,6113425F34C47_11746,,,0.0,true,,,InStock,,,,Royal Blue,,,L,,,,,,,,,,,,,,,,,,,,,,,,,,,,,,,
product_7732b505-d239-4b76-951e-361ccece60ea,Variant,,,,,6113425F34C47_11010,,,0.0,true,,,InStock,,,,Black,,,L,,,,,,,,,,,,,,,,,,,,,,,,,,,,,,,
product_7732b505-d239-4b76-951e-361ccece60ea,Variant,,,,,6113425F34C47_12057,,,0.0,true,,,InStock,,,,Pink Candy,,,XL,,,,,,,,,,,,,,,,,,,,,,,,,,,,,,,
product_fed20620-9707-4198-b099-b55b77d08608,Product,Essentials Hoodie - Abstract,"This comfy unisex hoodie has a soft outside with a vibrant print and an even softer brushed fleece inside. The hoodie has a relaxed fit, and it's perfect for wrapping yourself into on a chilly evening.<br><br>• 70% polyester, 27% cotton, 3% elastane<br>• Fabric weight: 8.85 oz/yd² (300 g/m²)<br>• Soft cotton-feel fabric face<br>• Brushed fleece fabric inside<br>• Double-lined hood with design on both sides<br>• Unisex style<br>• Comes with drawstrings<br>• Overlock seams<br>• Blank product components in Mexico sourced from Poland and Mexico<br>• Blank product components in the EU sourced from China and Poland<br>",b77b32_13d40b263871454a8c66fcdda0600cc0~mv2.png;b77b32_3c6c3113c93142c9b29debdca30c23f3~mv2.png,Essentials Collection,,,49.99,,true,PERCENT,0.0,InStock,0.0,Size,DROP_DOWN,XS;S;M;L;XL;2XL;3XL,,,,,,,,,,,,,,,,,,,,,,,,,,,,,,,,,,
product_fed20620-9707-4198-b099-b55b77d08608,Variant,,,,,61134144C8D25_10872,,,0.0,true,,,InStock,,,,L,,,,,,,,,,,,,,,,,,,,,,,,,,,,,,,,,,
product_fed20620-9707-4198-b099-b55b77d08608,Variant,,,,,61134144C8D25_10873,,,0.0,true,,,InStock,,,,XL,,,,,,,,,,,,,,,,,,,,,,,,,,,,,,,,,,
product_fed20620-9707-4198-b099-b55b77d08608,Variant,,,,,61134144C8D25_10874,,,0.0,true,,,InStock,,,,2XL,,,,,,,,,,,,,,,,,,,,,,,,,,,,,,,,,,
product_fed20620-9707-4198-b099-b55b77d08608,Variant,,,,,61134144C8D25_10869,,,0.0,true,,,InStock,,,,XS,,,,,,,,,,,,,,,,,,,,,,,,,,,,,,,,,,
product_fed20620-9707-4198-b099-b55b77d08608,Variant,,,,,61134144C8D25_10870,,,0.0,true,,,InStock,,,,S,,,,,,,,,,,,,,,,,,,,,,,,,,,,,,,,,,
product_fed20620-9707-4198-b099-b55b77d08608,Variant,,,,,61134144C8D25_10875,,,0.0,true,,,InStock,,,,3XL,,,,,,,,,,,,,,,,,,,,,,,,,,,,,,,,,,
product_fed20620-9707-4198-b099-b55b77d08608,Variant,,,,,61134144C8D25_10871,,,0.0,true,,,InStock,,,,M,,,,,,,,,,,,,,,,,,,,,,,,,,,,,,,,,,
product_e4c23da8-3918-4e38-a6fc-b31d7a8c7fb4,Product,Essentials Pullover,"Rock a classic pullover silhouette with ribbed crew neck, long sleeve cuffs, and a flat hem. Layer it up or wear it on its own for a contemporary streetwear look. With the soft fleece inside and comfortable fit, it’s sure to become your favorite everyday sweater right away!<br><br>• 100% cotton face<br>• 65% cotton, 35% polyester<br>• Charcoal Heather is 55% cotton, 45% polyester<br>• Fabric weight: 8.5 oz/y² (288.2 g/m²)<br>• Tightly knit 3-end fleece <br>• Side-seamed construction<br>• Self-fabric patch on the back<br>• Double-needle stitched rib collar, cuffs, and hem<br>• Blank product sourced from Pakistan",b77b32_909f9bb7ce9f4249ba3929e2c2da26df~mv2.png;b77b32_e3e42a412c114a10aac3020d2439fd19~mv2.png;b77b32_0d2bf633e188407baa2ae037a02aefe9~mv2.png;b77b32_f1c2e6e735f44de1a771856991cf1f52~mv2.png;b77b32_3f7d5f196e49424281abc5dd7f00e572~mv2.png;b77b32_9346f2933c0542e98943312ff6ea7271~mv2.png;b77b32_317d85b852bb4bfe82572100e8da1f83~mv2.png;b77b32_ee7e9bfc3eac4ce984eae2b7aebb8f57~mv2.png;b77b32_727803f901af4ccf9d0836445f7ae828~mv2.png,Essentials Collection,,,45.0,,true,PERCENT,0.0,InStock,0.0,Color,DROP_DOWN,Black;Charcoal Heather;Carbon Grey;White,Size,DROP_DOWN,S;M;L;XL;2XL,,,,,,,,,,,,,,,,,,,,,,,,,,,,,,,
product_e4c23da8-3918-4e38-a6fc-b31d7a8c7fb4,Variant,,,,,61133A241ED1E_11253,,,2.0,true,,,InStock,,,,White,,,2XL,,,,,,,,,,,,,,,,,,,,,,,,,,,,,,,
product_e4c23da8-3918-4e38-a6fc-b31d7a8c7fb4,Variant,,,,,61133A241ED1E_11256,,,0.0,true,,,InStock,,,,Black,,,L,,,,,,,,,,,,,,,,,,,,,,,,,,,,,,,
product_e4c23da8-3918-4e38-a6fc-b31d7a8c7fb4,Variant,,,,,61133A241ED1E_11244,,,0.0,true,,,InStock,,,,Carbon Grey,,,S,,,,,,,,,,,,,,,,,,,,,,,,,,,,,,,
product_e4c23da8-3918-4e38-a6fc-b31d7a8c7fb4,Variant,,,,,61133A241ED1E_11250,,,0.0,true,,,InStock,,,,White,,,M,,,,,,,,,,,,,,,,,,,,,,,,,,,,,,,
product_e4c23da8-3918-4e38-a6fc-b31d7a8c7fb4,Variant,,,,,61133A241ED1E_11259,,,0.0,true,,,InStock,,,,Charcoal Heather,,,S,,,,,,,,,,,,,,,,,,,,,,,,,,,,,,,
product_e4c23da8-3918-4e38-a6fc-b31d7a8c7fb4,Variant,,,,,61133A241ED1E_11262,,,0.0,true,,,InStock,,,,Charcoal Heather,,,XL,,,,,,,,,,,,,,,,,,,,,,,,,,,,,,,
product_e4c23da8-3918-4e38-a6fc-b31d7a8c7fb4,Variant,,,,,61133A241ED1E_11248,,,2.0,true,,,InStock,,,,Carbon Grey,,,2XL,,,,,,,,,,,,,,,,,,,,,,,,,,,,,,,
product_e4c23da8-3918-4e38-a6fc-b31d7a8c7fb4,Variant,,,,,61133A241ED1E_11251,,,0.0,true,,,InStock,,,,White,,,L,,,,,,,,,,,,,,,,,,,,,,,,,,,,,,,
product_e4c23da8-3918-4e38-a6fc-b31d7a8c7fb4,Variant,,,,,61133A241ED1E_11260,,,0.0,true,,,InStock,,,,Charcoal Heather,,,M,,,,,,,,,,,,,,,,,,,,,,,,,,,,,,,
product_e4c23da8-3918-4e38-a6fc-b31d7a8c7fb4,Variant,,,,,61133A241ED1E_11263,,,2.0,true,,,InStock,,,,Charcoal Heather,,,2XL,,,,,,,,,,,,,,,,,,,,,,,,,,,,,,,
product_e4c23da8-3918-4e38-a6fc-b31d7a8c7fb4,Variant,,,,,61133A241ED1E_11245,,,0.0,true,,,InStock,,,,Carbon Grey,,,M,,,,,,,,,,,,,,,,,,,,,,,,,,,,,,,
product_e4c23da8-3918-4e38-a6fc-b31d7a8c7fb4,Variant,,,,,61133A241ED1E_11257,,,0.0,true,,,InStock,,,,Black,,,XL,,,,,,,,,,,,,,,,,,,,,,,,,,,,,,,
product_e4c23da8-3918-4e38-a6fc-b31d7a8c7fb4,Variant,,,,,61133A241ED1E_11252,,,0.0,true,,,InStock,,,,White,,,XL,,,,,,,,,,,,,,,,,,,,,,,,,,,,,,,
product_e4c23da8-3918-4e38-a6fc-b31d7a8c7fb4,Variant,,,,,61133A241ED1E_11254,,,0.0,true,,,InStock,,,,Black,,,S,,,,,,,,,,,,,,,,,,,,,,,,,,,,,,,
product_e4c23da8-3918-4e38-a6fc-b31d7a8c7fb4,Variant,,,,,61133A241ED1E_11258,,,2.0,true,,,InStock,,,,Black,,,2XL,,,,,,,,,,,,,,,,,,,,,,,,,,,,,,,
product_e4c23da8-3918-4e38-a6fc-b31d7a8c7fb4,Variant,,,,,61133A241ED1E_11246,,,0.0,true,,,InStock,,,,Carbon Grey,,,L,,,,,,,,,,,,,,,,,,,,,,,,,,,,,,,
product_e4c23da8-3918-4e38-a6fc-b31d7a8c7fb4,Variant,,,,,61133A241ED1E_11249,,,0.0,true,,,InStock,,,,White,,,S,,,,,,,,,,,,,,,,,,,,,,,,,,,,,,,
product_e4c23da8-3918-4e38-a6fc-b31d7a8c7fb4,Variant,,,,,61133A241ED1E_11255,,,0.0,true,,,InStock,,,,Black,,,M,,,,,,,,,,,,,,,,,,,,,,,,,,,,,,,
product_e4c23da8-3918-4e38-a6fc-b31d7a8c7fb4,Variant,,,,,61133A241ED1E_11247,,,0.0,true,,,InStock,,,,Carbon Grey,,,XL,,,,,,,,,,,,,,,,,,,,,,,,,,,,,,,
product_e4c23da8-3918-4e38-a6fc-b31d7a8c7fb4,Variant,,,,,61133A241ED1E_11261,,,0.0,true,,,InStock,,,,Charcoal Heather,,,L,,,,,,,,,,,,,,,,,,,,,,,,,,,,,,,
product_2afadbcc-19c8-4330-ad27-7ca9d419ad66,Product,ESSENTIALS t-shirt,"Your typical 100% cotton t-shirt (except for Heather Grey, Dark Heather Grey, Heather Green, and Heather Blue colors that contain polyester). Pre-shrunk to make sure your size is maintained throughout several washes, and a classic fit.<br><br>• 100% combed ringspun cotton <br>• Heather Grey is 90% combed ringspun cotton and 10% polyester<br>• Dark Heather Grey, Heather Green, and Heather Blue are 35% combed ringspun cotton and 65% polyester<br>• Fabric weight: 4.3 oz/yd² (145.8 g/m²)<br>• 30 singles<br>• Classic semi-contoured silhouette with side seam<br>• Tear-away label<br>• Shoulder-to-shoulder taping<br>• Seamed collarette<br>• Double-needle stitched sleeves and bottom hem<br>• Blank product sourced from Honduras, Haiti, or Nicaragua",b77b32_dc09d1f2c8474fad8be7c8fb1713ac95~mv2.png;b77b32_45ffa407ccbd4c3b8d38d257bf21e190~mv2.png;b77b32_c25556a5c5614e91904104f338cbe94a~mv2.png;b77b32_770e779994354ce7bf3a1ed0578125ec~mv2.png;b77b32_fe06f2a07d8147b486a6417aaee1534d~mv2.png;b77b32_5340099adbb64b24848ca9ae7fc3f1b9~mv2.png;b77b32_0186ebca33a74f6d86353828806c1068~mv2.png;b77b32_b8fcbbc54f2c4ee2809752987886f3d6~mv2.png;b77b32_9d7481b4abea4111a0596c8b794b3bc3~mv2.png;b77b32_0cc6a6e5b4454afca2e476a63e90ed14~mv2.png;b77b32_a08f27ba903a4befab60ba1bb86ddc13~mv2.png;b77b32_5e5f6af161d74e01b21c5f5a0516daca~mv2.png;b77b32_4d639056e1874bd4a4098f52e6ba91d1~mv2.png;b77b32_e85ed5006efe411ea47f2104fb54bec0~mv2.png;b77b32_e0d52019d5a942ce9ff0a28b6614ca1f~mv2.png;b77b32_8f3bc369a5614194b0e7e005b5ad0213~mv2.png;b77b32_3acb58b5b4964afd82a139179796c826~mv2.png;b77b32_f0e174d78cd14ee38376cfcb466f263c~mv2.png;b77b32_4fdd92007807492ab71a36def43cb69d~mv2.png;b77b32_0971e1225f4146aab84255f03333cd65~mv2.png;b77b32_20b11e727cac439590c69d3cdfe32fb1~mv2.png;b77b32_c7aed83cdb5546e9b95d166f26557f74~mv2.png;b77b32_d7dd8576e5e54ebbb8d606227eaa12b5~mv2.png;b77b32_7603eb4a8be24e3db93ec759fbafa7be~mv2.png;b77b32_708b331c92454e9dba5f73c9de1b3244~mv2.png;b77b32_5847f3cd76ee40ea9c37abdbd206dc8f~mv2.png;b77b32_51876e4f32be4ce79d8d4a36d16c84fb~mv2.png;b77b32_b33eab4f7c994a758a8a2779fc427bef~mv2.png;b77b32_242087ba7e0647ea9c34525981d78623~mv2.png;b77b32_0b202e5fb15b49c4b354a819164f01e1~mv2.png;b77b32_6952c0f9305e449aaceb720f5ae30ea5~mv2.png;b77b32_24da4a17ced24ca58f2f2d69064d2b98~mv2.png;b77b32_2d98bb63e56045248bf787b9051b3ac6~mv2.png;b77b32_df2dbd465a054456b5d37f8d81beb325~mv2.png,Essentials Collection,,,25.0,,true,PERCENT,0.0,InStock,0.0,Color,DROP_DOWN,Black;Hot Pink;Spring Yellow;Charity Pink;Caribbean Blue;Heather Grey;Heather Green;Storm Grey;Heather Blue;Navy;Kelly Green;Royal Blue;Red;Smoke;Independence Red;Heather Dark Grey;White,Size,DROP_DOWN,S;M;L;XL;2XL,,,,,,,,,,,,,,,,,,,,,,,,,,,,,,,
product_2afadbcc-19c8-4330-ad27-7ca9d419ad66,Variant,,,,,611330D3ED2EC_4965,,,4.0,true,,,InStock,,,,Spring Yellow,,,XL,,,,,,,,,,,,,,,,,,,,,,,,,,,,,,,
product_2afadbcc-19c8-4330-ad27-7ca9d419ad66,Variant,,,,,611330D3ED2EC_4958,,,4.0,true,,,InStock,,,,Smoke,,,M,,,,,,,,,,,,,,,,,,,,,,,,,,,,,,,
product_2afadbcc-19c8-4330-ad27-7ca9d419ad66,Variant,,,,,611330D3ED2EC_4915,,,4.0,true,,,InStock,,,,Charity Pink,,,XL,,,,,,,,,,,,,,,,,,,,,,,,,,,,,,,
product_2afadbcc-19c8-4330-ad27-7ca9d419ad66,Variant,,,,,611330D3ED2EC_6309,,,5.0,true,,,InStock,,,,Heather Blue,,,2XL,,,,,,,,,,,,,,,,,,,,,,,,,,,,,,,
product_2afadbcc-19c8-4330-ad27-7ca9d419ad66,Variant,,,,,611330D3ED2EC_6322,,,0.0,true,,,InStock,,,,Heather Green,,,S,,,,,,,,,,,,,,,,,,,,,,,,,,,,,,,
product_2afadbcc-19c8-4330-ad27-7ca9d419ad66,Variant,,,,,611330D3ED2EC_6314,,,5.0,true,,,InStock,,,,Heather Dark Grey,,,2XL,,,,,,,,,,,,,,,,,,,,,,,,,,,,,,,
product_2afadbcc-19c8-4330-ad27-7ca9d419ad66,Variant,,,,,611330D3ED2EC_4929,,,4.0,true,,,InStock,,,,Independence Red,,,L,,,,,,,,,,,,,,,,,,,,,,,,,,,,,,,
product_2afadbcc-19c8-4330-ad27-7ca9d419ad66,Variant,,,,,611330D3ED2EC_4947,,,0.0,true,,,InStock,,,,Royal Blue,,,S,,,,,,,,,,,,,,,,,,,,,,,,,,,,,,,
product_2afadbcc-19c8-4330-ad27-7ca9d419ad66,Variant,,,,,611330D3ED2EC_4943,,,4.0,true,,,InStock,,,,Red,,,M,,,,,,,,,,,,,,,,,,,,,,,,,,,,,,,
product_2afadbcc-19c8-4330-ad27-7ca9d419ad66,Variant,,,,,611330D3ED2EC_4920,,,4.0,true,,,InStock,,,,Heather Grey,,,XL,,,,,,,,,,,,,,,,,,,,,,,,,,,,,,,
product_2afadbcc-19c8-4330-ad27-7ca9d419ad66,Variant,,,,,611330D3ED2EC_4907,,,0.0,true,,,InStock,,,,Caribbean Blue,,,S,,,,,,,,,,,,,,,,,,,,,,,,,,,,,,,
product_2afadbcc-19c8-4330-ad27-7ca9d419ad66,Variant,,,,,611330D3ED2EC_4936,,,5.0,true,,,InStock,,,,Kelly Green,,,2XL,,,,,,,,,,,,,,,,,,,,,,,,,,,,,,,
product_2afadbcc-19c8-4330-ad27-7ca9d419ad66,Variant,,,,,611330D3ED2EC_6319,,,5.0,true,,,InStock,,,,Heather Green,,,2XL,,,,,,,,,,,,,,,,,,,,,,,,,,,,,,,
product_2afadbcc-19c8-4330-ad27-7ca9d419ad66,Variant,,,,,611330D3ED2EC_6323,,,4.0,true,,,InStock,,,,Heather Green,,,XL,,,,,,,,,,,,,,,,,,,,,,,,,,,,,,,
product_2afadbcc-19c8-4330-ad27-7ca9d419ad66,Variant,,,,,611330D3ED2EC_4927,,,0.0,true,,,InStock,,,,Independence Red,,,S,,,,,,,,,,,,,,,,,,,,,,,,,,,,,,,
product_2afadbcc-19c8-4330-ad27-7ca9d419ad66,Variant,,,,,611330D3ED2EC_6316,,,4.0,true,,,InStock,,,,Heather Dark Grey,,,M,,,,,,,,,,,,,,,,,,,,,,,,,,,,,,,
product_2afadbcc-19c8-4330-ad27-7ca9d419ad66,Variant,,,,,611330D3ED2EC_4939,,,4.0,true,,,InStock,,,,Navy,,,L,,,,,,,,,,,,,,,,,,,,,,,,,,,,,,,
product_2afadbcc-19c8-4330-ad27-7ca9d419ad66,Variant,,,,,611330D3ED2EC_4971,,,5.0,true,,,OutOfStock,,,,Storm Grey,,,2XL,,,,,,,,,,,,,,,,,,,,,,,,,,,,,,,
product_2afadbcc-19c8-4330-ad27-7ca9d419ad66,Variant,,,,,611330D3ED2EC_4917,,,0.0,true,,,InStock,,,,Heather Grey,,,S,,,,,,,,,,,,,,,,,,,,,,,,,,,,,,,
product_2afadbcc-19c8-4330-ad27-7ca9d419ad66,Variant,,,,,611330D3ED2EC_4962,,,0.0,true,,,InStock,,,,Spring Yellow,,,S,,,,,,,,,,,,,,,,,,,,,,,,,,,,,,,
product_2afadbcc-19c8-4330-ad27-7ca9d419ad66,Variant,,,,,611330D3ED2EC_4901,,,5.0,true,,,InStock,,,,White,,,2XL,,,,,,,,,,,,,,,,,,,,,,,,,,,,,,,
product_2afadbcc-19c8-4330-ad27-7ca9d419ad66,Variant,,,,,611330D3ED2EC_4897,,,0.0,true,,,InStock,,,,White,,,S,,,,,,,,,,,,,,,,,,,,,,,,,,,,,,,
product_2afadbcc-19c8-4330-ad27-7ca9d419ad66,Variant,,,,,611330D3ED2EC_4946,,,5.0,true,,,InStock,,,,Red,,,2XL,,,,,,,,,,,,,,,,,,,,,,,,,,,,,,,
product_2afadbcc-19c8-4330-ad27-7ca9d419ad66,Variant,,,,,611330D3ED2EC_4964,,,4.0,true,,,InStock,,,,Spring Yellow,,,L,,,,,,,,,,,,,,,,,,,,,,,,,,,,,,,
product_2afadbcc-19c8-4330-ad27-7ca9d419ad66,Variant,,,,,611330D3ED2EC_4909,,,4.0,true,,,InStock,,,,Caribbean Blue,,,L,,,,,,,,,,,,,,,,,,,,,,,,,,,,,,,
product_2afadbcc-19c8-4330-ad27-7ca9d419ad66,Variant,,,,,611330D3ED2EC_4930,,,4.0,true,,,InStock,,,,Independence Red,,,XL,,,,,,,,,,,,,,,,,,,,,,,,,,,,,,,
product_2afadbcc-19c8-4330-ad27-7ca9d419ad66,Variant,,,,,611330D3ED2EC_4967,,,0.0,true,,,InStock,,,,Storm Grey,,,S,,,,,,,,,,,,,,,,,,,,,,,,,,,,,,,
product_2afadbcc-19c8-4330-ad27-7ca9d419ad66,Variant,,,,,611330D3ED2EC_4921,,,5.0,true,,,InStock,,,,Heather Grey,,,2XL,,,,,,,,,,,,,,,,,,,,,,,,,,,,,,,
product_2afadbcc-19c8-4330-ad27-7ca9d419ad66,Variant,,,,,611330D3ED2EC_4914,,,4.0,true,,,InStock,,,,Charity Pink,,,L,,,,,,,,,,,,,,,,,,,,,,,,,,,,,,,
product_2afadbcc-19c8-4330-ad27-7ca9d419ad66,Variant,,,,,611330D3ED2EC_4937,,,0.0,true,,,InStock,,,,Navy,,,S,,,,,,,,,,,,,,,,,,,,,,,,,,,,,,,
product_2afadbcc-19c8-4330-ad27-7ca9d419ad66,Variant,,,,,611330D3ED2EC_4903,,,4.0,true,,,InStock,,,,Black,,,M,,,,,,,,,,,,,,,,,,,,,,,,,,,,,,,
product_2afadbcc-19c8-4330-ad27-7ca9d419ad66,Variant,,,,,611330D3ED2EC_4942,,,0.0,true,,,InStock,,,,Red,,,S,,,,,,,,,,,,,,,,,,,,,,,,,,,,,,,
product_2afadbcc-19c8-4330-ad27-7ca9d419ad66,Variant,,,,,611330D3ED2EC_4899,,,4.0,true,,,InStock,,,,White,,,L,,,,,,,,,,,,,,,,,,,,,,,,,,,,,,,
product_2afadbcc-19c8-4330-ad27-7ca9d419ad66,Variant,,,,,611330D3ED2EC_6317,,,0.0,true,,,InStock,,,,Heather Dark Grey,,,S,,,,,,,,,,,,,,,,,,,,,,,,,,,,,,,
product_2afadbcc-19c8-4330-ad27-7ca9d419ad66,Variant,,,,,611330D3ED2EC_4925,,,4.0,true,,,InStock,,,,Hot Pink,,,XL,,,,,,,,,,,,,,,,,,,,,,,,,,,,,,,
product_2afadbcc-19c8-4330-ad27-7ca9d419ad66,Variant,,,,,611330D3ED2EC_4898,,,4.0,true,,,InStock,,,,White,,,M,,,,,,,,,,,,,,,,,,,,,,,,,,,,,,,
product_2afadbcc-19c8-4330-ad27-7ca9d419ad66,Variant,,,,,611330D3ED2EC_4904,,,4.0,true,,,InStock,,,,Black,,,L,,,,,,,,,,,,,,,,,,,,,,,,,,,,,,,
product_2afadbcc-19c8-4330-ad27-7ca9d419ad66,Variant,,,,,611330D3ED2EC_4935,,,4.0,true,,,InStock,,,,Kelly Green,,,XL,,,,,,,,,,,,,,,,,,,,,,,,,,,,,,,
product_2afadbcc-19c8-4330-ad27-7ca9d419ad66,Variant,,,,,611330D3ED2EC_4960,,,4.0,true,,,InStock,,,,Smoke,,,XL,,,,,,,,,,,,,,,,,,,,,,,,,,,,,,,
product_2afadbcc-19c8-4330-ad27-7ca9d419ad66,Variant,,,,,611330D3ED2EC_4951,,,5.0,true,,,InStock,,,,Royal Blue,,,2XL,,,,,,,,,,,,,,,,,,,,,,,,,,,,,,,
product_2afadbcc-19c8-4330-ad27-7ca9d419ad66,Variant,,,,,611330D3ED2EC_4970,,,4.0,true,,,InStock,,,,Storm Grey,,,XL,,,,,,,,,,,,,,,,,,,,,,,,,,,,,,,
product_2afadbcc-19c8-4330-ad27-7ca9d419ad66,Variant,,,,,611330D3ED2EC_4910,,,4.0,true,,,InStock,,,,Caribbean Blue,,,XL,,,,,,,,,,,,,,,,,,,,,,,,,,,,,,,
product_2afadbcc-19c8-4330-ad27-7ca9d419ad66,Variant,,,,,611330D3ED2EC_4941,,,5.0,true,,,InStock,,,,Navy,,,2XL,,,,,,,,,,,,,,,,,,,,,,,,,,,,,,,
product_2afadbcc-19c8-4330-ad27-7ca9d419ad66,Variant,,,,,611330D3ED2EC_4902,,,0.0,true,,,InStock,,,,Black,,,S,,,,,,,,,,,,,,,,,,,,,,,,,,,,,,,
product_2afadbcc-19c8-4330-ad27-7ca9d419ad66,Variant,,,,,611330D3ED2EC_6313,,,4.0,true,,,InStock,,,,Heather Blue,,,XL,,,,,,,,,,,,,,,,,,,,,,,,,,,,,,,
product_2afadbcc-19c8-4330-ad27-7ca9d419ad66,Variant,,,,,611330D3ED2EC_4963,,,4.0,true,,,InStock,,,,Spring Yellow,,,M,,,,,,,,,,,,,,,,,,,,,,,,,,,,,,,
product_2afadbcc-19c8-4330-ad27-7ca9d419ad66,Variant,,,,,611330D3ED2EC_6315,,,4.0,true,,,InStock,,,,Heather Dark Grey,,,L,,,,,,,,,,,,,,,,,,,,,,,,,,,,,,,
product_2afadbcc-19c8-4330-ad27-7ca9d419ad66,Variant,,,,,611330D3ED2EC_4950,,,4.0,true,,,InStock,,,,Royal Blue,,,XL,,,,,,,,,,,,,,,,,,,,,,,,,,,,,,,
product_2afadbcc-19c8-4330-ad27-7ca9d419ad66,Variant,,,,,611330D3ED2EC_4934,,,4.0,true,,,InStock,,,,Kelly Green,,,L,,,,,,,,,,,,,,,,,,,,,,,,,,,,,,,
product_2afadbcc-19c8-4330-ad27-7ca9d419ad66,Variant,,,,,611330D3ED2EC_4931,,,5.0,true,,,OutOfStock,,,,Independence Red,,,2XL,,,,,,,,,,,,,,,,,,,,,,,,,,,,,,,
product_2afadbcc-19c8-4330-ad27-7ca9d419ad66,Variant,,,,,611330D3ED2EC_4932,,,0.0,true,,,InStock,,,,Kelly Green,,,S,,,,,,,,,,,,,,,,,,,,,,,,,,,,,,,
product_2afadbcc-19c8-4330-ad27-7ca9d419ad66,Variant,,,,,611330D3ED2EC_4923,,,4.0,true,,,InStock,,,,Hot Pink,,,M,,,,,,,,,,,,,,,,,,,,,,,,,,,,,,,
product_2afadbcc-19c8-4330-ad27-7ca9d419ad66,Variant,,,,,611330D3ED2EC_6320,,,4.0,true,,,InStock,,,,Heather Green,,,L,,,,,,,,,,,,,,,,,,,,,,,,,,,,,,,
product_2afadbcc-19c8-4330-ad27-7ca9d419ad66,Variant,,,,,611330D3ED2EC_4900,,,4.0,true,,,InStock,,,,White,,,XL,,,,,,,,,,,,,,,,,,,,,,,,,,,,,,,
product_2afadbcc-19c8-4330-ad27-7ca9d419ad66,Variant,,,,,611330D3ED2EC_4912,,,0.0,true,,,InStock,,,,Charity Pink,,,S,,,,,,,,,,,,,,,,,,,,,,,,,,,,,,,
product_2afadbcc-19c8-4330-ad27-7ca9d419ad66,Variant,,,,,611330D3ED2EC_4968,,,4.0,true,,,InStock,,,,Storm Grey,,,M,,,,,,,,,,,,,,,,,,,,,,,,,,,,,,,
product_2afadbcc-19c8-4330-ad27-7ca9d419ad66,Variant,,,,,611330D3ED2EC_4926,,,5.0,true,,,InStock,,,,Hot Pink,,,2XL,,,,,,,,,,,,,,,,,,,,,,,,,,,,,,,
product_2afadbcc-19c8-4330-ad27-7ca9d419ad66,Variant,,,,,611330D3ED2EC_4969,,,4.0,true,,,InStock,,,,Storm Grey,,,L,,,,,,,,,,,,,,,,,,,,,,,,,,,,,,,
product_2afadbcc-19c8-4330-ad27-7ca9d419ad66,Variant,,,,,611330D3ED2EC_4957,,,0.0,true,,,InStock,,,,Smoke,,,S,,,,,,,,,,,,,,,,,,,,,,,,,,,,,,,
product_2afadbcc-19c8-4330-ad27-7ca9d419ad66,Variant,,,,,611330D3ED2EC_4924,,,4.0,true,,,InStock,,,,Hot Pink,,,L,,,,,,,,,,,,,,,,,,,,,,,,,,,,,,,
product_2afadbcc-19c8-4330-ad27-7ca9d419ad66,Variant,,,,,611330D3ED2EC_4938,,,4.0,true,,,InStock,,,,Navy,,,M,,,,,,,,,,,,,,,,,,,,,,,,,,,,,,,
product_2afadbcc-19c8-4330-ad27-7ca9d419ad66,Variant,,,,,611330D3ED2EC_4911,,,5.0,true,,,InStock,,,,Caribbean Blue,,,2XL,,,,,,,,,,,,,,,,,,,,,,,,,,,,,,,
product_2afadbcc-19c8-4330-ad27-7ca9d419ad66,Variant,,,,,611330D3ED2EC_4905,,,4.0,true,,,InStock,,,,Black,,,XL,,,,,,,,,,,,,,,,,,,,,,,,,,,,,,,
product_2afadbcc-19c8-4330-ad27-7ca9d419ad66,Variant,,,,,611330D3ED2EC_4966,,,5.0,true,,,InStock,,,,Spring Yellow,,,2XL,,,,,,,,,,,,,,,,,,,,,,,,,,,,,,,
product_2afadbcc-19c8-4330-ad27-7ca9d419ad66,Variant,,,,,611330D3ED2EC_4933,,,4.0,true,,,InStock,,,,Kelly Green,,,M,,,,,,,,,,,,,,,,,,,,,,,,,,,,,,,
product_2afadbcc-19c8-4330-ad27-7ca9d419ad66,Variant,,,,,611330D3ED2EC_4944,,,4.0,true,,,InStock,,,,Red,,,L,,,,,,,,,,,,,,,,,,,,,,,,,,,,,,,
product_2afadbcc-19c8-4330-ad27-7ca9d419ad66,Variant,,,,,611330D3ED2EC_6311,,,4.0,true,,,InStock,,,,Heather Blue,,,M,,,,,,,,,,,,,,,,,,,,,,,,,,,,,,,
product_2afadbcc-19c8-4330-ad27-7ca9d419ad66,Variant,,,,,611330D3ED2EC_4913,,,4.0,true,,,InStock,,,,Charity Pink,,,M,,,,,,,,,,,,,,,,,,,,,,,,,,,,,,,
product_2afadbcc-19c8-4330-ad27-7ca9d419ad66,Variant,,,,,611330D3ED2EC_4949,,,4.0,true,,,InStock,,,,Royal Blue,,,L,,,,,,,,,,,,,,,,,,,,,,,,,,,,,,,
product_2afadbcc-19c8-4330-ad27-7ca9d419ad66,Variant,,,,,611330D3ED2EC_6318,,,4.0,true,,,InStock,,,,Heather Dark Grey,,,XL,,,,,,,,,,,,,,,,,,,,,,,,,,,,,,,
product_2afadbcc-19c8-4330-ad27-7ca9d419ad66,Variant,,,,,611330D3ED2EC_4948,,,4.0,true,,,InStock,,,,Royal Blue,,,M,,,,,,,,,,,,,,,,,,,,,,,,,,,,,,,
product_2afadbcc-19c8-4330-ad27-7ca9d419ad66,Variant,,,,,611330D3ED2EC_4922,,,0.0,true,,,InStock,,,,Hot Pink,,,S,,,,,,,,,,,,,,,,,,,,,,,,,,,,,,,
product_2afadbcc-19c8-4330-ad27-7ca9d419ad66,Variant,,,,,611330D3ED2EC_4961,,,5.0,true,,,OutOfStock,,,,Smoke,,,2XL,,,,,,,,,,,,,,,,,,,,,,,,,,,,,,,
product_2afadbcc-19c8-4330-ad27-7ca9d419ad66,Variant,,,,,611330D3ED2EC_4916,,,5.0,true,,,InStock,,,,Charity Pink,,,2XL,,,,,,,,,,,,,,,,,,,,,,,,,,,,,,,
product_2afadbcc-19c8-4330-ad27-7ca9d419ad66,Variant,,,,,611330D3ED2EC_4928,,,4.0,true,,,InStock,,,,Independence Red,,,M,,,,,,,,,,,,,,,,,,,,,,,,,,,,,,,
product_2afadbcc-19c8-4330-ad27-7ca9d419ad66,Variant,,,,,611330D3ED2EC_4945,,,4.0,true,,,InStock,,,,Red,,,XL,,,,,,,,,,,,,,,,,,,,,,,,,,,,,,,
product_2afadbcc-19c8-4330-ad27-7ca9d419ad66,Variant,,,,,611330D3ED2EC_4959,,,4.0,true,,,InStock,,,,Smoke,,,L,,,,,,,,,,,,,,,,,,,,,,,,,,,,,,,
product_2afadbcc-19c8-4330-ad27-7ca9d419ad66,Variant,,,,,611330D3ED2EC_4906,,,5.0,true,,,InStock,,,,Black,,,2XL,,,,,,,,,,,,,,,,,,,,,,,,,,,,,,,
product_2afadbcc-19c8-4330-ad27-7ca9d419ad66,Variant,,,,,611330D3ED2EC_6312,,,0.0,true,,,InStock,,,,Heather Blue,,,S,,,,,,,,,,,,,,,,,,,,,,,,,,,,,,,
product_2afadbcc-19c8-4330-ad27-7ca9d419ad66,Variant,,,,,611330D3ED2EC_4940,,,4.0,true,,,InStock,,,,Navy,,,XL,,,,,,,,,,,,,,,,,,,,,,,,,,,,,,,
product_2afadbcc-19c8-4330-ad27-7ca9d419ad66,Variant,,,,,611330D3ED2EC_6310,,,4.0,true,,,InStock,,,,Heather Blue,,,L,,,,,,,,,,,,,,,,,,,,,,,,,,,,,,,
product_2afadbcc-19c8-4330-ad27-7ca9d419ad66,Variant,,,,,611330D3ED2EC_6321,,,4.0,true,,,InStock,,,,Heather Green,,,M,,,,,,,,,,,,,,,,,,,,,,,,,,,,,,,
product_2afadbcc-19c8-4330-ad27-7ca9d419ad66,Variant,,,,,611330D3ED2EC_4908,,,4.0,true,,,InStock,,,,Caribbean Blue,,,M,,,,,,,,,,,,,,,,,,,,,,,,,,,,,,,
product_2afadbcc-19c8-4330-ad27-7ca9d419ad66,Variant,,,,,611330D3ED2EC_4918,,,4.0,true,,,InStock,,,,Heather Grey,,,M,,,,,,,,,,,,,,,,,,,,,,,,,,,,,,,
product_2afadbcc-19c8-4330-ad27-7ca9d419ad66,Variant,,,,,611330D3ED2EC_4919,,,4.0,true,,,InStock,,,,Heather Grey,,,L,,,,,,,,,,,,,,,,,,,,,,,,,,,,,,,
product_b7db6791-b1db-48c1-b048-dbbf02f733b1,Product,Yonaguni,"Our custom made 100% wool felt fedora hat. Make a statement wearing this hat, whether customized or not.Sizing:Small — 55-56 centimeters Medium — 57-58 centimetersLarge — 59-60 centimeters ",b77b32_c0e9e4afe62b446081f62d5fb60d5812~mv2.png;b77b32_0a783876528d440895ae7d43a6469518~mv2.png;b77b32_d03b542c1ff34012a9d3f81d30afaaf9~mv2.png;b77b32_bff27c5661a84d5996d46675beb694e4~mv2.png;b77b32_2a8b4bb98feb4fedbf10cdc0b460fb9d~mv2.jpg;b77b32_76a162e95c7946eaa874dd82ebe02c0c~mv2.jpg;b77b32_d15625bb7b4e4f8aa4d54f56c9fe0d95~mv2.jpg;b77b32_05571fbbe9c64c1483d6cfa4c30810fd~mv2.jpg;b77b32_0620211e41ea46048289778b52d8a943~mv2.jpg,Hat Essentials by Kate,,Best Seller,115.49,,true,PERCENT,0.0,InStock,0.0,Size,DROP_DOWN,Large;Medium;Small,Colour,COLOR,"rgb(95,1,1):Brown;#000000:Black;rgb(191,191,223):Blue;rgb(227,206,224):Rose Beige;rgb(238,199,114):Yellow",Custom Prints,DROP_DOWN,No Prints;Prints,,,,,,,,,,,,,,,,,,,,,,,,,,,,Kate's Essentials
product_b7db6791-b1db-48c1-b048-dbbf02f733b1,Variant,,,,,,,,84.5,true,,,InStock,,,,Small,,,"#000000:Black",,,Prints,,,,,,,,,,,,,,,,,,,,,,,,,,,,
product_b7db6791-b1db-48c1-b048-dbbf02f733b1,Variant,,,,,,,,84.5,true,,,InStock,,,,Small,,,"rgb(191,191,223):Blue",,,Prints,,,,,,,,,,,,,,,,,,,,,,,,,,,,
product_b7db6791-b1db-48c1-b048-dbbf02f733b1,Variant,,,,,,,,0.0,true,,,InStock,,,,Large,,,"rgb(95,1,1):Brown",,,No Prints,,,,,,,,,,,,,,,,,,,,,,,,,,,,
product_b7db6791-b1db-48c1-b048-dbbf02f733b1,Variant,,,,,,,,84.5,true,,,OutOfStock,,,,Large,,,"#000000:Black",,,Prints,,,,,,,,,,,,,,,,,,,,,,,,,,,,
product_b7db6791-b1db-48c1-b048-dbbf02f733b1,Variant,,,,,,,,0.0,true,,,InStock,,,,Medium,,,"rgb(191,191,223):Blue",,,No Prints,,,,,,,,,,,,,,,,,,,,,,,,,,,,
product_b7db6791-b1db-48c1-b048-dbbf02f733b1,Variant,,,,,,,,84.5,true,,,InStock,,,,Medium,,,"rgb(238,199,114):Yellow",,,Prints,,,,,,,,,,,,,,,,,,,,,,,,,,,,
product_b7db6791-b1db-48c1-b048-dbbf02f733b1,Variant,,,,,,,,84.5,true,,,InStock,,,,Medium,,,"rgb(95,1,1):Brown",,,Prints,,,,,,,,,,,,,,,,,,,,,,,,,,,,
product_b7db6791-b1db-48c1-b048-dbbf02f733b1,Variant,,,,,,,,0.0,true,,,OutOfStock,,,,Large,,,"#000000:Black",,,No Prints,,,,,,,,,,,,,,,,,,,,,,,,,,,,
product_b7db6791-b1db-48c1-b048-dbbf02f733b1,Variant,,,,,,,,84.5,true,,,InStock,,,,Small,,,"rgb(238,199,114):Yellow",,,Prints,,,,,,,,,,,,,,,,,,,,,,,,,,,,
product_b7db6791-b1db-48c1-b048-dbbf02f733b1,Variant,,,,,,,,0.0,true,,,InStock,,,,Medium,,,"rgb(227,206,224):Rose Beige",,,No Prints,,,,,,,,,,,,,,,,,,,,,,,,,,,,
product_b7db6791-b1db-48c1-b048-dbbf02f733b1,Variant,,,,,,,,0.0,true,,,InStock,,,,Medium,,,"rgb(238,199,114):Yellow",,,No Prints,,,,,,,,,,,,,,,,,,,,,,,,,,,,
product_b7db6791-b1db-48c1-b048-dbbf02f733b1,Variant,,,,,,,,0.0,true,,,InStock,,,,Small,,,"rgb(238,199,114):Yellow",,,No Prints,,,,,,,,,,,,,,,,,,,,,,,,,,,,
product_b7db6791-b1db-48c1-b048-dbbf02f733b1,Variant,,,,,,,,84.5,true,,,InStock,,,,Large,,,"rgb(95,1,1):Brown",,,Prints,,,,,,,,,,,,,,,,,,,,,,,,,,,,
product_b7db6791-b1db-48c1-b048-dbbf02f733b1,Variant,,,,,,,,84.5,true,,,InStock,,,,Small,,,"rgb(227,206,224):Rose Beige",,,Prints,,,,,,,,,,,,,,,,,,,,,,,,,,,,
product_b7db6791-b1db-48c1-b048-dbbf02f733b1,Variant,,,,,,,,0.0,true,,,InStock,,,,Medium,,,"rgb(95,1,1):Brown",,,No Prints,,,,,,,,,,,,,,,,,,,,,,,,,,,,
product_b7db6791-b1db-48c1-b048-dbbf02f733b1,Variant,,,,,,,,0.0,true,,,InStock,,,,Small,,,"rgb(227,206,224):Rose Beige",,,No Prints,,,,,,,,,,,,,,,,,,,,,,,,,,,,
product_b7db6791-b1db-48c1-b048-dbbf02f733b1,Variant,,,,,,,,84.5,true,,,InStock,,,,Large,,,"rgb(238,199,114):Yellow",,,Prints,,,,,,,,,,,,,,,,,,,,,,,,,,,,
product_b7db6791-b1db-48c1-b048-dbbf02f733b1,Variant,,,,,,,,0.0,true,,,InStock,,,,Large,,,"rgb(227,206,224):Rose Beige",,,No Prints,,,,,,,,,,,,,,,,,,,,,,,,,,,,
product_b7db6791-b1db-48c1-b048-dbbf02f733b1,Variant,,,,,,,,0.0,true,,,OutOfStock,,,,Large,,,"rgb(191,191,223):Blue",,,No Prints,,,,,,,,,,,,,,,,,,,,,,,,,,,,
product_b7db6791-b1db-48c1-b048-dbbf02f733b1,Variant,,,,,,,,84.5,true,,,InStock,,,,Medium,,,"rgb(191,191,223):Blue",,,Prints,,,,,,,,,,,,,,,,,,,,,,,,,,,,
product_b7db6791-b1db-48c1-b048-dbbf02f733b1,Variant,,,,,,,,84.5,true,,,InStock,,,,Medium,,,"#000000:Black",,,Prints,,,,,,,,,,,,,,,,,,,,,,,,,,,,
product_b7db6791-b1db-48c1-b048-dbbf02f733b1,Variant,,,,,,,,0.0,true,,,InStock,,,,Small,,,"rgb(95,1,1):Brown",,,No Prints,,,,,,,,,,,,,,,,,,,,,,,,,,,,
product_b7db6791-b1db-48c1-b048-dbbf02f733b1,Variant,,,,,,,,84.5,true,,,InStock,,,,Medium,,,"rgb(227,206,224):Rose Beige",,,Prints,,,,,,,,,,,,,,,,,,,,,,,,,,,,
product_b7db6791-b1db-48c1-b048-dbbf02f733b1,Variant,,,,,,,,0.0,true,,,InStock,,,,Large,,,"rgb(238,199,114):Yellow",,,No Prints,,,,,,,,,,,,,,,,,,,,,,,,,,,,
product_b7db6791-b1db-48c1-b048-dbbf02f733b1,Variant,,,,,,,,84.5,true,,,InStock,,,,Small,,,"rgb(95,1,1):Brown",,,Prints,,,,,,,,,,,,,,,,,,,,,,,,,,,,
product_b7db6791-b1db-48c1-b048-dbbf02f733b1,Variant,,,,,,,,0.0,true,,,InStock,,,,Small,,,"#000000:Black",,,No Prints,,,,,,,,,,,,,,,,,,,,,,,,,,,,
product_b7db6791-b1db-48c1-b048-dbbf02f733b1,Variant,,,,,,,,84.5,true,,,OutOfStock,,,,Large,,,"rgb(191,191,223):Blue",,,Prints,,,,,,,,,,,,,,,,,,,,,,,,,,,,
product_b7db6791-b1db-48c1-b048-dbbf02f733b1,Variant,,,,,,,,84.5,true,,,InStock,,,,Large,,,"rgb(227,206,224):Rose Beige",,,Prints,,,,,,,,,,,,,,,,,,,,,,,,,,,,
product_b7db6791-b1db-48c1-b048-dbbf02f733b1,Variant,,,,,,,,0.0,true,,,InStock,,,,Medium,,,"#000000:Black",,,No Prints,,,,,,,,,,,,,,,,,,,,,,,,,,,,
product_b7db6791-b1db-48c1-b048-dbbf02f733b1,Variant,,,,,,,,0.0,true,,,InStock,,,,Small,,,"rgb(191,191,223):Blue",,,No Prints,,,,,,,,,,,,,,,,,,,,,,,,,,,,
product_38d1ef4e-f1a5-2683-b320-72ab67288485,Product,Aurora,"<ul>	<li>Wide brim fedora hat covered with a round elastic pearl band.</li>	<li>Timeless fashionable hat.</li>	<li>Material:65% Cotton + 35%polyester.</li>	<li>Sizes— M:US:7-7 1/4(56-58CM/22-22.8”)</li>	<li>L: US:7 1/4-7 1/2(58-60CM/22.8-23.6"")</li></ul>",b77b32_5821710500ff49d796256d9b9b0e7790~mv2.png;b77b32_5c498c5fe67340128261fa995843536c~mv2.jpg;b77b32_12a261a04d6341d1bc9e7b8e6f6d4f66~mv2.jpg;b77b32_7baf35c9fe3245a7b31141cf8fe1123e~mv2.jpg;b77b32_ae9a26d3dbc8405d828e0b2068ee2744~mv2.jpg;b77b32_c4a1adc19b704b4c971c02784b3342b8~mv2.jpg;b77b32_279fff1735354fac86d5b6698cc86f03~mv2.jpg,Hat Essentials by Kate,,New Arrival,45.0,,true,PERCENT,0.0,InStock,0.0,Colour,COLOR,"#ffc0cb:Pink;#ffff00:Yellow;#000000:Black;#ff0000:Red;#f0e68c:Khaki;#ffffff:White",Size,DROP_DOWN,"56-58CM/22-22.8”;58-60CM/22.8-23.6""",,,,,,,,,,,,,,,,,,,,,,,,,,,,,,,Kate's Essentials
product_aa8f058b-311e-1627-c1b5-887e450b629f,Product,Dangerous Summer,<p>A beautiful beach hat!</p><p>Description:</p><ul>	<li>straw</li>	<li>Khaki colored</li>	<li>bohemian</li>	<li>plain</li>	<li>size: 22.5 cm</li></ul>,b77b32_5179ac18d93847e69d94e93d06354e83~mv2.png;b77b32_b52141bfdfa94321b304f45c7a2b5930~mv2.png,Hat Essentials by Kate,,,30.0,,true,PERCENT,0.0,InStock,0.0,Custom Initials,DROP_DOWN,No;Yes,,,,,,,,,,,,,,,,Shipping & Handling,"<p>Due to the novel coronavirus 19, shipping might be delayed depending on where it is shipped to. Shipping takes 1-2 weeks.</p>
",,,,,,,,,,,Which initials or name would you like on the hat?,500,false,,,,Kate's Essentials
product_aa8f058b-311e-1627-c1b5-887e450b629f,Variant,,,,,,,,30.0,true,,,InStock,,,,Yes,,,,,,,,,,,,,,,,,,,,,,,,,,,,,,,,,,
product_4ecd7068-c8c0-a53b-692a-5228b8020812,Product,Smoking Dove,<p>A beautiful wide brim hat!</p><p>Description:</p><ul>	<li>oversized</li>	<li>orange&nbsp;colored</li>	<li>straw</li>	<li>bohemian</li>	<li>plain</li>	<li>size: 22.5 cm</li></ul>,b77b32_0dfb1e469b6e454faa538805e4b94b5a~mv2.jpg;b77b32_c894a4ecc6c849deaf130ffc3bbe8f84~mv2.png,Hat Essentials by Kate,,,50.0,,true,PERCENT,0.0,InStock,0.0,Custom Initials,DROP_DOWN,No;Yes,,,,,,,,,,,,,,,,Shipping & Handling,"<p>Due to the novel coronavirus 19, shipping might be delayed depending on where it is shipped to. Shipping takes 1-2 weeks.</p>
",,,,,,,,,,,Which initials or name would you like on the hat?,500,false,,,,Kate's Essentials
product_4ecd7068-c8c0-a53b-692a-5228b8020812,Variant,,,,,,,,30.0,true,,,InStock,,,,Yes,,,,,,,,,,,,,,,,,,,,,,,,,,,,,,,,,,
product_debe9c2f-7630-1ae6-4ee4-54713202efb8,Product,Tiki,<p>A beautiful beach hat!</p><p>Description:</p><ul>	<li>straw</li>	<li>Khaki colored</li>	<li>bohemian</li>	<li>plain</li>	<li>size: 23.5 cm</li></ul>,b77b32_efcf51511bf740e297baef8ed7498ab4~mv2.jpeg;b77b32_f384b455dfe34f999b7c5fb580003fc2~mv2.png;b77b32_9f04b9af61ff45df8b089915fb7a5270~mv2.png,Hat Essentials by Kate,,,25.0,,true,PERCENT,0.0,InStock,0.0,Custom Initials,DROP_DOWN,No;Yes,,,,,,,,,,,,,,,,Shipping & Handling,"<p>Due to the novel coronavirus 19, shipping might be delayed depending on where it is shipped to. Shipping takes 1-2 weeks.</p>
",,,,,,,,,,,Which initials or name would you like on the hat?,500,false,,,,Kate's Essentials
product_debe9c2f-7630-1ae6-4ee4-54713202efb8,Variant,,,,,,,,30.0,true,,,InStock,,,,Yes,,,,,,,,,,,,,,,,,,,,,,,,,,,,,,,,,,
product_4cce5043-4419-56ea-997d-94d48c32f5de,Product,Naked Mile,<p>A beautiful beach hat!</p><p>Description:</p><ul>	<li>straw</li>	<li>Khaki colored</li>	<li>bohemian</li>	<li>plain</li>	<li>size: 22.5 cm</li></ul>,b77b32_b8d98cf8bdbf41e5aa1fe06e82cd5b63~mv2.png;b77b32_680997bcdb3a4f5dabe1cd5ded68d63c~mv2.png;b77b32_f21e7a00c99b457eaa3b1a059798febf~mv2.png,Hat Essentials by Kate,,,35.0,,true,PERCENT,0.0,InStock,0.0,Custom Initials,DROP_DOWN,No;Yes,,,,,,,,,,,,,,,,Shipping & Handling,"<p>Due to the novel coronavirus 19, shipping might be delayed depending on where it is shipped to. Shipping takes 1-2 weeks.</p>
",,,,,,,,,,,Which initials or name would you like on the hat?,500,false,,,,Kate's Essentials
product_4cce5043-4419-56ea-997d-94d48c32f5de,Variant,,,,,,,,30.0,true,,,InStock,,,,Yes,,,,,,,,,,,,,,,,,,,,,,,,,,,,,,,,,,
product_866c9e02-8537-c1cd-f5ee-2df708c29b64,Product,Magic,<p>A beautiful casual hat!</p><p>Description:</p><ul>	<li>straw</li>	<li>Khaki colored</li>	<li>bohemian</li>	<li>plain</li>	<li>size: 23.5 cm</li></ul>,b77b32_889da5cb1ecb458eb8cb8ecab015aef8~mv2.jpg;b77b32_d9b7cb0cb41340a1b1d34f8756bbcdad~mv2.png;b77b32_e224410d0f554743a3472e24e2c12546~mv2.png;b77b32_d1c7c8718ed24fee99a80011d4e5b156~mv2.png,Hat Essentials by Kate,,,30.0,,true,PERCENT,0.0,InStock,0.0,Custom Initials,DROP_DOWN,No;Yes,,,,,,,,,,,,,,,,Shipping & Handling,"<p>Due to the novel coronavirus 19, shipping might be delayed depending on where it is shipped to. Shipping takes 1-2 weeks.</p>
",,,,,,,,,,,Which initials or name would you like on the hat?,500,false,,,,Kate's Essentials
product_866c9e02-8537-c1cd-f5ee-2df708c29b64,Variant,,,,,,,,30.0,true,,,InStock,,,,Yes,,,,,,,,,,,,,,,,,,,,,,,,,,,,,,,,,,
product_f68ea611-10be-c670-ff0d-caf6d7d074ee,Product,Phoenix,<p>A beautiful wide brim hat!</p><p>Description:</p><ul>	<li>oversized</li>	<li>camel colored</li>	<li>straw</li>	<li>bohemian</li>	<li>plain</li>	<li>size: 22.5 cm</li></ul>,b77b32_60e237add12448c682bee80c019ceb6f~mv2.jpg;b77b32_272fb9f6fd8b40b2917fbec8933b5dd2~mv2.png;b77b32_dee7ff2e76dd4a23a301862186e10092~mv2.png,Hat Essentials by Kate,,,50.0,,true,PERCENT,0.0,InStock,0.0,Custom Initials,DROP_DOWN,No;Yes,,,,,,,,,,,,,,,,Shipping & Handling,"<p>Due to the novel coronavirus 19, shipping might be delayed depending on where it is shipped to. Shipping takes 1-2 weeks.</p>
",,,,,,,,,,,Which initials or name would you like on the hat?,500,false,,,,Kate's Essentials
product_f68ea611-10be-c670-ff0d-caf6d7d074ee,Variant,,,,,,,,30.0,true,,,InStock,,,,Yes,,,,,,,,,,,,,,,,,,,,,,,,,,,,,,,,,,
product_6a93d111-806c-5740-3318-2d460009be65,Product,Blue Summer,<p>A beautiful beach hat!</p><p>Description:</p><ul>	<li>straw</li>	<li>bohemian</li>	<li>Brown coloured</li>	<li>plain</li>	<li>size: 23.5 cm</li></ul>,b77b32_c910951d6ba644d383bd70500258a25a~mv2.png;b77b32_b084f5743cda4e848c37da3a82b95683~mv2.png;b77b32_aa24565ed56b4db79e59c799268e04fd~mv2.jpg;b77b32_1c713f820c434737818bb4988087d786~mv2.jpg,Hat Essentials by Kate,,,35.0,,true,PERCENT,0.0,InStock,0.0,Custom Initials,DROP_DOWN,No;Yes,,,,,,,,,,,,,,,,Shipping & Handling,"<p>Due to the novel coronavirus 19, shipping might be delayed depending on where it is shipped to. Shipping takes 1-2 weeks.</p>
",,,,,,,,,,,Which initials or name would you like on the hat?,500,false,,,,Kate's Essentials
product_6a93d111-806c-5740-3318-2d460009be65,Variant,,,,,,,,0.0,true,,,InStock,,,,No,,,,,,,,,,,,,,,,,,,,,,,,,,,,,,,,,,
product_6a93d111-806c-5740-3318-2d460009be65,Variant,,,,,,,,30.0,true,,,InStock,,,,Yes,,,,,,,,,,,,,,,,,,,,,,,,,,,,,,,,,,
